,0,1,accuracy,macro avg,weighted avg
precision,0.8076208178438662,0.6188118811881188,0.7777777777777778,0.7132163495159924,0.7585718609035624
recall,0.9186046511627907,0.37650602409638556,0.7777777777777778,0.6475553376295882,0.7777777777777778
f1-score,0.8595450049455984,0.4681647940074906,0.7777777777777778,0.6638548994765445,0.7578718985047128
support,946.0,332.0,0.7777777777777778,1278.0,1278.0
