,0,1,accuracy,macro avg,weighted avg
precision,0.8243243243243243,0.6236559139784946,0.7805164319248826,0.7239901191514095,0.7694466956734108
recall,0.8869143780290791,0.4978540772532189,0.7805164319248826,0.692384227641149,0.7805164319248826
f1-score,0.8544747081712062,0.5536992840095466,0.7805164319248826,0.7040869960903764,0.7722203961645553
support,619.0,233.0,0.7805164319248826,852.0,852.0
