,0,1,accuracy,macro avg,weighted avg
precision,0.8515057113187954,0.6,0.7895148669796557,0.7257528556593977,0.7861693293486546
recall,0.8668076109936576,0.5692771084337349,0.7895148669796557,0.7180423597136962,0.7895148669796557
f1-score,0.859088528025144,0.5842349304482225,0.7895148669796557,0.7216617292366833,0.7876868109707325
support,946.0,332.0,0.7895148669796557,1278.0,1278.0
