,0,1,accuracy,macro avg,weighted avg
precision,0.7787723785166241,0.8571428571428571,0.7852112676056338,0.8179576178297405,0.8002046807700423
recall,0.9838449111470113,0.2575107296137339,0.7852112676056338,0.6206778203803727,0.7852112676056338
f1-score,0.8693790149892934,0.396039603960396,0.7852112676056338,0.6327093094748447,0.739932908452048
support,619.0,233.0,0.7852112676056338,852.0,852.0
