,0,1,accuracy,macro avg,weighted avg
precision,0.9070385126162018,0.4990476190476191,0.7394366197183099,0.7030430658319105,0.8010502679645825
recall,0.7219873150105708,0.7891566265060241,0.7394366197183099,0.7555719707582975,0.7394366197183099
f1-score,0.8040023543260741,0.6114352392065344,0.7394366197183099,0.7077187967663043,0.7539770943732673
support,946.0,332.0,0.7394366197183099,1278.0,1278.0
