,0,1,accuracy,macro avg,weighted avg
precision,0.858034321372855,0.6729857819905213,0.812206572769953,0.7655100516816882,0.8074283241004562
recall,0.8885298869143781,0.6094420600858369,0.812206572769953,0.7489859735001074,0.812206572769953
f1-score,0.8730158730158731,0.6396396396396397,0.812206572769953,0.7563277563277564,0.8091934993343445
support,619.0,233.0,0.812206572769953,852.0,852.0
