,0,1,accuracy,macro avg,weighted avg
precision,0.8661417322834646,0.6820276497695853,0.8192488262910798,0.7740846910265249,0.8157912848354201
recall,0.8885298869143781,0.6351931330472103,0.8192488262910798,0.7618615099807942,0.8192488262910798
f1-score,0.8771929824561404,0.6577777777777778,0.8192488262910798,0.7674853801169591,0.8171885896274332
support,619.0,233.0,0.8192488262910798,852.0,852.0
