,0,1,accuracy,macro avg,weighted avg
precision,0.8500772797527048,0.6634146341463415,0.8051643192488263,0.7567459569495232,0.7990298661068332
recall,0.8885298869143781,0.5836909871244635,0.8051643192488263,0.7361104370194208,0.8051643192488263
f1-score,0.8688783570300158,0.6210045662100457,0.8051643192488263,0.7449414616200307,0.8010912757377
support,619.0,233.0,0.8051643192488263,852.0,852.0
