,0,1,accuracy,macro avg,weighted avg
precision,0.8467741935483871,0.6293706293706294,0.7981220657276995,0.7380724114595083,0.7902968983159806
recall,0.8879492600422833,0.5421686746987951,0.7981220657276995,0.7150589673705392,0.7981220657276995
f1-score,0.8668730650154799,0.5825242718446603,0.7981220657276995,0.72469866843007,0.7930046774311981
support,946.0,332.0,0.7981220657276995,1278.0,1278.0
