,0,1,accuracy,macro avg,weighted avg
precision,0.862992125984252,0.6728110599078341,0.8145539906103286,0.7679015929460431,0.8109825151910532
recall,0.8852988691437803,0.6266094420600858,0.8145539906103286,0.7559541556019331,0.8145539906103286
f1-score,0.8740031897926636,0.6488888888888888,0.8145539906103286,0.7614460393407763,0.8124402413060678
support,619.0,233.0,0.8145539906103286,852.0,852.0
