,0,1,accuracy,macro avg,weighted avg
precision,0.8652037617554859,0.6869158878504673,0.8204225352112676,0.7760598248029766,0.8164466319199585
recall,0.8917609046849758,0.630901287553648,0.8204225352112676,0.7613310961193119,0.8204225352112676
f1-score,0.8782816229116945,0.6577181208053691,0.8204225352112676,0.7679998718585318,0.8179632003873122
support,619.0,233.0,0.8204225352112676,852.0,852.0
