,0,1,accuracy,macro avg,weighted avg
precision,0.8485772357723578,0.6224489795918368,0.7965571205007824,0.7355131076820973,0.7898334321323477
recall,0.8826638477801269,0.5512048192771084,0.7965571205007824,0.7169343335286176,0.7965571205007824
f1-score,0.8652849740932642,0.5846645367412141,0.7965571205007824,0.7249747554172392,0.7923851421676924
support,946.0,332.0,0.7965571205007824,1278.0,1278.0
