,0,1,accuracy,macro avg,weighted avg
precision,0.8399390243902439,0.6530612244897959,0.7969483568075117,0.7465001244400199,0.7888327716005674
recall,0.8901453957996769,0.5493562231759657,0.7969483568075117,0.7197508094878213,0.7969483568075117
f1-score,0.8643137254901961,0.5967365967365967,0.7969483568075117,0.7305251611133965,0.7911382900446695
support,619.0,233.0,0.7969483568075117,852.0,852.0
