,0,1,accuracy,macro avg,weighted avg
precision,0.8578052550231839,0.6878048780487804,0.8169014084507042,0.7728050665359822,0.8113145416017802
recall,0.8966074313408724,0.6051502145922747,0.8169014084507042,0.7508788229665735,0.8169014084507042
f1-score,0.8767772511848341,0.6438356164383562,0.8169014084507042,0.7603064338115951,0.8130737290065133
support,619.0,233.0,0.8169014084507042,852.0,852.0
