,0,1,accuracy,macro avg,weighted avg
precision,0.8456104944500504,0.6236933797909407,0.795774647887324,0.7346519371204956,0.7879606649767918
recall,0.8858350951374208,0.5391566265060241,0.795774647887324,0.7124958608217224,0.795774647887324
f1-score,0.8652555498193082,0.5783521809369951,0.795774647887324,0.7218038653781517,0.7907235322379874
support,946.0,332.0,0.795774647887324,1278.0,1278.0
