,0,1,accuracy,macro avg,weighted avg
precision,0.8683385579937304,0.6962616822429907,0.8251173708920188,0.7823001201183606,0.8212799757755117
recall,0.8949919224555735,0.6394849785407726,0.8251173708920188,0.7672384504981731,0.8251173708920188
f1-score,0.8814638027048529,0.6666666666666667,0.8251173708920188,0.7740652346857598,0.8227223324033301
support,619.0,233.0,0.8251173708920188,852.0,852.0
