,0,1,accuracy,macro avg,weighted avg
precision,0.8679245283018868,0.6898148148148148,0.8227699530516432,0.7788696715583507,0.8192161207402814
recall,0.8917609046849758,0.6394849785407726,0.8227699530516432,0.7656229416128741,0.8227699530516432
f1-score,0.8796812749003985,0.6636971046770602,0.8227699530516432,0.7716891897887294,0.820615181400354
support,619.0,233.0,0.8227699530516432,852.0,852.0
