,0,1,accuracy,macro avg,weighted avg
precision,0.8665620094191523,0.6883720930232559,0.8215962441314554,0.7774670512212041,0.8178316684329505
recall,0.8917609046849758,0.6351931330472103,0.8215962441314554,0.7634770188660931,0.8215962441314554
f1-score,0.8789808917197452,0.6607142857142856,0.8215962441314554,0.7698475887170154,0.8192906109694259
support,619.0,233.0,0.8215962441314554,852.0,852.0
