,0,1,accuracy,macro avg,weighted avg
precision,0.8704,0.6696035242290749,0.8169014084507042,0.7700017621145374,0.8154873487621765
recall,0.8788368336025848,0.6523605150214592,0.8169014084507042,0.765598674312022,0.8169014084507042
f1-score,0.8745980707395499,0.6608695652173913,0.8169014084507042,0.7677338179784705,0.8161488432904149
support,619.0,233.0,0.8169014084507042,852.0,852.0
