,0,1,accuracy,macro avg,weighted avg
precision,0.84375,0.6273584905660378,0.789906103286385,0.7355542452830188,0.7845725097439985
recall,0.8723747980613893,0.5708154506437768,0.789906103286385,0.7215951243525831,0.789906103286385
f1-score,0.857823669579031,0.597752808988764,0.789906103286385,0.7277882392838975,0.78670100465235
support,619.0,233.0,0.789906103286385,852.0,852.0
