,0,1,accuracy,macro avg,weighted avg
precision,0.8361138370951914,0.637065637065637,0.795774647887324,0.7365897370804142,0.7844049150217861
recall,0.9006342494714588,0.49698795180722893,0.795774647887324,0.6988111006393438,0.795774647887324
f1-score,0.867175572519084,0.5583756345177665,0.795774647887324,0.7127756035184252,0.786955244337208
support,946.0,332.0,0.795774647887324,1278.0,1278.0
