,0,1,accuracy,macro avg,weighted avg
precision,0.8501529051987767,0.6818181818181818,0.8110328638497653,0.7659855435084792,0.804117705025445
recall,0.8982229402261712,0.5793991416309013,0.8110328638497653,0.7388110409285362,0.8110328638497653
f1-score,0.873527101335428,0.6264501160092808,0.8110328638497653,0.7499886086723544,0.8059579257708831
support,619.0,233.0,0.8110328638497653,852.0,852.0
