,0,1,accuracy,macro avg,weighted avg
precision,0.8447488584474886,0.6717948717948717,0.8051643192488263,0.7582718651211802,0.79745040904601
recall,0.8966074313408724,0.5622317596566524,0.8051643192488263,0.7294195954987623,0.8051643192488263
f1-score,0.8699059561128527,0.6121495327102804,0.8051643192488263,0.7410277444115665,0.7994162299945436
support,619.0,233.0,0.8051643192488263,852.0,852.0
