,0,1,accuracy,macro avg,weighted avg
precision,0.8468606431852986,0.6683417085427136,0.8051643192488263,0.7576011758640061,0.7980403242044039
recall,0.8933764135702746,0.5708154506437768,0.8051643192488263,0.7320959321070257,0.8051643192488263
f1-score,0.869496855345912,0.6157407407407408,0.8051643192488263,0.7426187980433264,0.8001011103893335
support,619.0,233.0,0.8051643192488263,852.0,852.0
