,0,1,accuracy,macro avg,weighted avg
precision,0.8316115702479339,0.5451612903225806,0.7621283255086072,0.6883864302852573,0.7571972565271066
recall,0.8509513742071881,0.5090361445783133,0.7621283255086072,0.6799937593927508,0.7621283255086072
f1-score,0.8411703239289445,0.5264797507788163,0.7621283255086072,0.6838250373538803,0.7594197212013681
support,946.0,332.0,0.7621283255086072,1278.0,1278.0
