,0,1,accuracy,macro avg,weighted avg
precision,0.8376327769347496,0.6528497409326425,0.795774647887324,0.7452412589336961,0.7870993879811217
recall,0.8917609046849758,0.5407725321888412,0.795774647887324,0.7162667184369085,0.795774647887324
f1-score,0.8638497652582159,0.591549295774648,0.795774647887324,0.727699530516432,0.7893826180872401
support,619.0,233.0,0.795774647887324,852.0,852.0
