,0,1,accuracy,macro avg,weighted avg
precision,0.8351324828263003,0.6332046332046332,0.7942097026604069,0.7341685580154667,0.7826754827680893
recall,0.8995771670190275,0.4939759036144578,0.7942097026604069,0.6967765353167427,0.7942097026604069
f1-score,0.8661577608142492,0.5549915397631133,0.7942097026604069,0.7105746502886813,0.7853227174738915
support,946.0,332.0,0.7942097026604069,1278.0,1278.0
