,0,1,accuracy,macro avg,weighted avg
precision,0.9191780821917809,0.4981751824817518,0.7386541471048513,0.7086766323367664,0.8098095667741521
recall,0.7093023255813954,0.822289156626506,0.7386541471048513,0.7657957411039507,0.7386541471048513
f1-score,0.8007159904534606,0.6204545454545455,0.7386541471048513,0.710585267954003,0.7538875086540555
support,946.0,332.0,0.7386541471048513,1278.0,1278.0
