,0,1,accuracy,macro avg,weighted avg
precision,0.8513931888544891,0.6084142394822006,0.7926447574334898,0.7299037141683449,0.7882718968422827
recall,0.872093023255814,0.5662650602409639,0.7926447574334898,0.719179041748389,0.7926447574334898
f1-score,0.8616187989556137,0.5865834633385336,0.7926447574334898,0.7241011311470736,0.790169869828172
support,946.0,332.0,0.7926447574334898,1278.0,1278.0
