,0,1,accuracy,macro avg,weighted avg
precision,0.8193877551020409,0.5201342281879194,0.7496087636932708,0.6697609916449802,0.7416474022573708
recall,0.8488372093023255,0.46686746987951805,0.7496087636932708,0.6578523395909218,0.7496087636932708
f1-score,0.833852544132918,0.49206349206349204,0.7496087636932708,0.662958018098205,0.745062273955258
support,946.0,332.0,0.7496087636932708,1278.0,1278.0
