,0,1,accuracy,macro avg,weighted avg
precision,0.847926267281106,0.6666666666666666,0.8051643192488263,0.7572964669738863,0.7983564469252793
recall,0.8917609046849758,0.575107296137339,0.8051643192488263,0.7334341004111574,0.8051643192488263
f1-score,0.8692913385826773,0.6175115207373272,0.8051643192488263,0.7434014296600022,0.8004360597587729
support,619.0,233.0,0.8051643192488263,852.0,852.0
