,0,1,accuracy,macro avg,weighted avg
precision,0.8404907975460123,0.645,0.7946009389671361,0.7427453987730062,0.7870291123016215
recall,0.8852988691437803,0.5536480686695279,0.7946009389671361,0.7194734689066541,0.7946009389671361
f1-score,0.862313139260425,0.5958429561200924,0.7946009389671361,0.7290780476902587,0.7894404248570243
support,619.0,233.0,0.7946009389671361,852.0,852.0
