,0,1,accuracy,macro avg,weighted avg
precision,0.8362745098039216,0.6395348837209303,0.7965571205007824,0.7379046967624259,0.7851653111657736
recall,0.9016913319238901,0.49698795180722893,0.7965571205007824,0.6993396418655595,0.7965571205007824
f1-score,0.8677517802644964,0.5593220338983051,0.7965571205007824,0.7135369070814008,0.7876276208016049
support,946.0,332.0,0.7965571205007824,1278.0,1278.0
