,0,1,accuracy,macro avg,weighted avg
precision,0.8444108761329305,0.6842105263157895,0.8086854460093896,0.76431070122436,0.8006002170866936
recall,0.9030694668820679,0.5579399141630901,0.8086854460093896,0.7305046905225789,0.8086854460093896
f1-score,0.8727556596409055,0.6146572104018911,0.8086854460093896,0.7437064350213983,0.8021723982879826
support,619.0,233.0,0.8086854460093896,852.0,852.0
