,0,1,accuracy,macro avg,weighted avg
precision,0.8437180796731358,0.5986622073578596,0.7863849765258216,0.7211901435154977,0.7800572427336432
recall,0.8731501057082452,0.5391566265060241,0.7863849765258216,0.7061533661071346,0.7863849765258216
f1-score,0.8581818181818182,0.5673534072900159,0.7863849765258216,0.712767612735917,0.7826301496246364
support,946.0,332.0,0.7863849765258216,1278.0,1278.0
