,0,1,accuracy,macro avg,weighted avg
precision,0.8489208633093526,0.6065573770491803,0.7910798122065728,0.7277391201792665,0.785959456863048
recall,0.8731501057082452,0.5572289156626506,0.7910798122065728,0.715189510685448,0.7910798122065728
f1-score,0.8608650338718083,0.5808477237048666,0.7910798122065728,0.7208563787883375,0.7881218828738235
support,946.0,332.0,0.7910798122065728,1278.0,1278.0
