,0,1,accuracy,macro avg,weighted avg
precision,0.8265835929387332,0.5238095238095238,0.7519561815336463,0.6751965583741285,0.7479286704419432
recall,0.8414376321353065,0.49698795180722893,0.7519561815336463,0.6692127919712677,0.7519561815336463
f1-score,0.8339444735463593,0.5100463678516228,0.7519561815336463,0.6719954206989911,0.7498019296569598
support,946.0,332.0,0.7519561815336463,1278.0,1278.0
