,0,1,accuracy,macro avg,weighted avg
precision,0.8524251805985552,0.6116504854368932,0.7942097026604069,0.7320378330177242,0.7898765117459169
recall,0.8731501057082452,0.5692771084337349,0.7942097026604069,0.72121360707099,0.7942097026604069
f1-score,0.86266318537859,0.5897035881435257,0.7942097026604069,0.7261833867610579,0.79175349345211
support,946.0,332.0,0.7942097026604069,1278.0,1278.0
