,0,1,accuracy,macro avg,weighted avg
precision,0.8429878048780488,0.6632653061224489,0.8016431924882629,0.7531265555002489,0.7938383421901911
recall,0.8933764135702746,0.5579399141630901,0.8016431924882629,0.7256581638666824,0.8016431924882629
f1-score,0.8674509803921568,0.606060606060606,0.8016431924882629,0.7367557932263814,0.7959674625291859
support,619.0,233.0,0.8016431924882629,852.0,852.0
