,0,1,accuracy,macro avg,weighted avg
precision,0.8361153262518968,0.6476683937823834,0.7934272300469484,0.74189186001714,0.7845799562220885
recall,0.8901453957996769,0.5364806866952789,0.7934272300469484,0.713313041247478,0.7934272300469484
f1-score,0.8622848200312989,0.5868544600938966,0.7934272300469484,0.7245696400625978,0.786961728639967
support,619.0,233.0,0.7934272300469484,852.0,852.0
