,0,1,accuracy,macro avg,weighted avg
precision,0.8289345063538612,0.615686274509804,0.7863849765258216,0.7223103904318326,0.7735366871267665
recall,0.8964059196617337,0.47289156626506024,0.7863849765258216,0.684648742963397,0.7863849765258216
f1-score,0.8613509395632302,0.534923339011925,0.7863849765258216,0.6981371392875776,0.7765512812040491
support,946.0,332.0,0.7863849765258216,1278.0,1278.0
