,0,1,accuracy,macro avg,weighted avg
precision,0.8469387755102041,0.610738255033557,0.7918622848200313,0.7288385152718806,0.785578389909072
recall,0.8773784355179705,0.5481927710843374,0.7918622848200313,0.7127856033011539,0.7918622848200313
f1-score,0.8618899273104881,0.5777777777777778,0.7918622848200313,0.719833852544133,0.7880830152253082
support,946.0,332.0,0.7918622848200313,1278.0,1278.0
