,0,1,accuracy,macro avg,weighted avg
precision,0.8330804248861912,0.6373056994818653,0.7887323943661971,0.7351930621840282,0.7795410927040223
recall,0.8869143780290791,0.5278969957081545,0.7887323943661971,0.7074056868686168,0.7887323943661971
f1-score,0.8591549295774646,0.5774647887323944,0.7887323943661971,0.7183098591549295,0.7821199497454208
support,619.0,233.0,0.7887323943661971,852.0,852.0
