,0,1,accuracy,macro avg,weighted avg
precision,0.8473282442748091,0.6751269035532995,0.8075117370892019,0.7612275739140544,0.800235624100969
recall,0.8966074313408724,0.5708154506437768,0.8075117370892019,0.7337114409923247,0.8075117370892019
f1-score,0.8712715855572998,0.6186046511627906,0.8075117370892019,0.7449381183600452,0.8021737032639658
support,619.0,233.0,0.8075117370892019,852.0,852.0
