,0,1,accuracy,macro avg,weighted avg
precision,0.8393939393939394,0.6614583333333334,0.7992957746478874,0.7504261363636364,0.7907331457177408
recall,0.8949919224555735,0.5450643776824035,0.7992957746478874,0.7200281500689885,0.7992957746478874
f1-score,0.8663017982799062,0.5976470588235294,0.7992957746478874,0.7319744285517178,0.7928316641327984
support,619.0,233.0,0.7992957746478874,852.0,852.0
