,0,1,accuracy,macro avg,weighted avg
precision,0.8401826484018264,0.6564102564102564,0.7981220657276995,0.7482964524060414,0.7899256444886389
recall,0.8917609046849758,0.5493562231759657,0.7981220657276995,0.7205585639304708,0.7981220657276995
f1-score,0.8652037617554859,0.5981308411214954,0.7981220657276995,0.7316673014384907,0.7921662142112138
support,619.0,233.0,0.7981220657276995,852.0,852.0
