,0,1,accuracy,macro avg,weighted avg
precision,0.9127086007702182,0.5290581162324649,0.7629107981220657,0.7208833585013416,0.8130435296696438
recall,0.7515856236786469,0.7951807228915663,0.7629107981220657,0.7733831732851066,0.7629107981220657
f1-score,0.8243478260869564,0.6353790613718412,0.7629107981220657,0.7298634437293988,0.7752573488683193
support,946.0,332.0,0.7629107981220657,1278.0,1278.0
