,0,1,accuracy,macro avg,weighted avg
precision,0.8487654320987654,0.6045751633986928,0.7902973395931142,0.7266702977487292,0.7853294624521112
recall,0.872093023255814,0.5572289156626506,0.7902973395931142,0.7146609694592323,0.7902973395931142
f1-score,0.8602711157455684,0.5799373040752351,0.7902973395931142,0.7201042099104018,0.7874457436997542
support,946.0,332.0,0.7902973395931142,1278.0,1278.0
