,0,1,accuracy,macro avg,weighted avg
precision,0.8318318318318318,0.6505376344086021,0.7922535211267606,0.741184733120217,0.7822525501421458
recall,0.8949919224555735,0.51931330472103,0.7922535211267606,0.7071526135883017,0.7922535211267606
f1-score,0.8622568093385213,0.5775656324582339,0.7922535211267606,0.7199112208983776,0.7844011236423863
support,619.0,233.0,0.7922535211267606,852.0,852.0
