,0,1,accuracy,macro avg,weighted avg
precision,0.8450920245398773,0.66,0.8016431924882629,0.7525460122699387,0.7944741351997465
recall,0.8901453957996769,0.5665236051502146,0.8016431924882629,0.7283345004749457,0.8016431924882629
f1-score,0.8670338316286389,0.6096997690531178,0.8016431924882629,0.7383668003408783,0.7966596102904976
support,619.0,233.0,0.8016431924882629,852.0,852.0
