,0,1,accuracy,macro avg,weighted avg
precision,0.8403100775193798,0.6086956521739131,0.784037558685446,0.7245028648466465,0.7780569045098589
recall,0.869983948635634,0.5502183406113537,0.784037558685446,0.7101011446234938,0.784037558685446
f1-score,0.8548895899053627,0.5779816513761468,0.784037558685446,0.7164356206407547,0.7804624561926978
support,623.0,229.0,0.784037558685446,852.0,852.0
