,0,1,accuracy,macro avg,weighted avg
precision,0.8323262839879154,0.6421052631578947,0.789906103286385,0.737215773572905,0.7803057466013017
recall,0.8901453957996769,0.5236051502145923,0.789906103286385,0.7068752730071346,0.789906103286385
f1-score,0.8602654176424668,0.5768321513002364,0.789906103286385,0.7185487844713516,0.7827537379972325
support,619.0,233.0,0.789906103286385,852.0,852.0
