,0,1,accuracy,macro avg,weighted avg
precision,0.85625,0.6650943396226415,0.8086854460093896,0.7606721698113208,0.8039738628310744
recall,0.8852988691437803,0.6051502145922747,0.8086854460093896,0.7452245418680274,0.8086854460093896
f1-score,0.8705321683876092,0.6337078651685394,0.8086854460093896,0.7521200167780743,0.805766836638732
support,619.0,233.0,0.8086854460093896,852.0,852.0
