,0,1,accuracy,macro avg,weighted avg
precision,0.8526148969889065,0.6153846153846154,0.7910798122065728,0.7339997561867609,0.7888522978253117
recall,0.8635634028892456,0.5938864628820961,0.7910798122065728,0.7287249328856709,0.7910798122065728
f1-score,0.8580542264752792,0.6044444444444446,0.7910798122065728,0.7312493354598619,0.789889155952907
support,623.0,229.0,0.7910798122065728,852.0,852.0
