,0,1,accuracy,macro avg,weighted avg
precision,0.8393135725429017,0.6161137440758294,0.784037558685446,0.7277136583093655,0.7782741828330099
recall,0.8691437802907916,0.5579399141630901,0.784037558685446,0.7135418472269408,0.784037558685446
f1-score,0.8539682539682539,0.5855855855855856,0.784037558685446,0.7197769197769197,0.7805725242344961
support,619.0,233.0,0.784037558685446,852.0,852.0
