,0,1,accuracy,macro avg,weighted avg
precision,0.84779299847793,0.6820512820512821,0.8098591549295775,0.764922140264606,0.8024669187509241
recall,0.8998384491114702,0.5708154506437768,0.8098591549295775,0.7353269498776235,0.8098591549295775
f1-score,0.8730407523510972,0.6214953271028038,0.8098591549295775,0.7472680397269504,0.8042495738500968
support,619.0,233.0,0.8098591549295775,852.0,852.0
